city,instagramUrl,leadEngineStatus,notionStage,organizationId,profileName,sourceChannels,sourceConfidence,state,updatedAt,websiteUrl,primaryEmail,primaryPhone,primaryWhatsapp
"SAO PAULO","https://www.instagram.com/vbdadvogados/","ready_for_review","Seguir","org_55415fb03341979d","VITALE, BICALHO E DIAS SOCIEDADE DE ADVOGADOS (@vbdadvogados)","codex_fallback|oab_registry|official_site","1","SP","2026-04-28T11:42:37.413Z","https://www.vbdlaw.com.br/","contato@vbdlaw.com.br","(11) 3181-8833","+55 (11) 93364-8998"
"SAO PAULO","https://www.instagram.com/machado_associados/","ready_for_review","Seguir","org_ad6f04a21d3099b3","JOSE MAURICIO MACHADO E ASSOCIADOS ADVOGADOS E CONSULTORES JURIDICOS (@machado_associados)","codex_fallback|google_web_search|oab_registry|official_site","1","SP","2026-04-28T03:31:56.831Z","https://www.machadoassociados.com.br/","machado@machadoassociados.com.br","+55 (11) 3819-4855","+55 (11) 99373-2457"
"SAO PAULO","https://www.instagram.com/nwadv/","ready_for_review","Seguir","org_28bed0ff7a118877","NELSON WILIANS ADVOGADOS (@nwadv)","codex_fallback|oab_registry|official_site","0.96","SP","2026-04-24T02:22:14.494Z","https://nwadv.com.br/","vagner.ambrosio@nwadv.com.br","(11) 99887-9686","(11) 99887-9686"
"FORTALEZA","https://www.instagram.com/brunoaraujoadvogados/","ready_for_review","Seguir","org_web_c4c30442234c980b","BRUNO ARAÚJO SOCIEDADE DE ADVOGADOS (@brunoaraujoadvogados)","google_web_discovery|official_site","0.95","CE","2026-05-02T01:12:26.142Z","https://brunoaraujo.adv.br/","juridico@brunoaraujo.adv.br","(85) 3051-6677","(85) 98689-8073"
"FORTALEZA","https://www.instagram.com/osmarcelestinoadvogados/","ready_for_review","Seguir","org_web_e96766d315ecfefb","OSMARCELESTINO.ADV.BR – ADVOCACIA EM FORTALEZA (@osmarcelestinoadvogados)","google_web_discovery|official_site","0.95","CE","2026-05-02T01:11:54.100Z","https://osmarcelestino.adv.br/","atendimento@osmarcelestino.adv.br","","(85) 3181-7565"
"SAO PAULO","https://www.instagram.com/agsociedadedeadvogados/","ready_for_review","Seguir","org_web_85ac2b095e5b6513","AG SOCIEDADE DE ADVOGADOS (@agsociedadedeadvogados)","google_web_discovery|official_site","0.95","SP","2026-05-02T01:10:46.942Z","https://agadvogados.adv.br/","contato@agadvogados.adv.br","(85) 3268-1561","(85) 98774-0201"
"JOINVILLE","https://www.instagram.com/souzapostaiadv/","ready_for_review","Seguir","org_web_4a67ebc969ca726b","SOUZA POSTAI – ESCRITÓRIO DE ADVOCACIA (@souzapostaiadv)","google_web_discovery|official_site","0.95","SC","2026-05-01T23:06:20.467Z","https://souzapostai.com.br/","advocacia@souzapostai.com.br","(47) 99948-9388","(47) 99948-9388"
"JOINVILLE","https://www.instagram.com/hargeradvogados/","ready_for_review","Seguir","org_web_ef9201e0563bd115","HARGER ADVOGADOS (@hargeradvogados)","google_web_discovery|official_site","0.95","SC","2026-05-01T23:06:20.405Z","https://hargeradvogados.com.br/","contato@hargeradvogados.com.br","(47) 3461-9400","(47) 3461-9400"
"JOINVILLE","https://www.instagram.com/rhafaelcostaadv/","ready_for_review","Seguir","org_web_a9c061815d6cbb8b","RHAFAELCOSTA – SERVIÇOS DE ADVOCACIA E ASSESSORIA JURÍDICA. (@rhafaelcostaadv)","google_web_discovery|official_site","0.95","SC","2026-05-01T23:06:01.349Z","https://rhafaelcosta.com.br/","rhafael.costa@rhafaelcosta.com.br","",""
"CAXIAS DO SUL","https://www.instagram.com/konigepimentel.adv/","ready_for_review","Seguir","org_web_16beaebcf6f9565e","ADVOGADOS EM CAXIAS DO SUL (@konigepimentel.adv)","google_web_discovery|official_site","0.95","RS","2026-05-01T21:47:04.352Z","https://konigepimentel.adv.br/","contato@konigepimentel.adv.br","(54) 3537-9117","(54) 3537-9117"
"CAXIAS DO SUL","https://www.instagram.com/vwsadvogados/","ready_for_review","Seguir","org_web_697a9556f5dadd9d","VWS ADVOGADOS ASSOCIADOS (@vwsadvogados)","google_web_discovery|official_site","0.95","RS","2026-05-01T21:46:01.145Z","http://www.vwsadvogados.adv.br/","vwsadvogados@vwsadvogados.adv.br","(54) 3223-6764","(54) 99636-4991"
"CAXIAS DO SUL","https://www.instagram.com/gravinaadv/","ready_for_review","Seguir","org_web_16c9dcd24af4368e","GRAVINA ADVOGADOS (@gravinaadv)","google_web_discovery|official_site","0.95","RS","2026-05-01T21:46:00.459Z","https://gravina.adv.br/","gravina@gravina.adv.br","(54) 3223-9006",""
"PORTO ALEGRE","https://www.instagram.com/bordasadvogados/","ready_for_review","Seguir","org_web_bc0898f59483f877","BORDAS – ADVOGADOS ASSOCIADOS (@bordasadvogados)","google_web_discovery|official_site","0.95","RS","2026-05-01T21:45:46.327Z","https://www.bordas.adv.br/","bordas@bordas.adv.br","(51) 3228-9997","(51) 3228-9997"
"PORTO ALEGRE","https://www.instagram.com/lamachia_advogados/","ready_for_review","Seguir","org_web_37a37c246e58c9f0","LAMACHIA ADVOGADOS ASSOCIADOS (@lamachia_advogados)","google_web_discovery|official_site","0.95","RS","2026-05-01T21:45:40.963Z","https://lamachia.adv.br/","adm@lamachia.adv.br","(51) 3211-3914",""
"PORTO ALEGRE","https://www.instagram.com/vilelavianaadvocacia/","ready_for_review","Seguir","org_web_14a6ebc512edb58c","VILELA, VIANA ADVOCACIA (@vilelavianaadvocacia)","google_web_discovery|official_site","0.95","RS","2026-05-01T21:45:35.596Z","https://www.vilelaviana.com.br/","augustovilela@vilelaviana.com.br","(51) 3307-5978","(51) 3273-5342"
"PORTO ALEGRE","https://www.instagram.com/abellaadv/","ready_for_review","Seguir","org_web_5c81eb4dc15a0bf8","ABELLA ADVOCACIA (@abellaadv)","google_web_discovery|official_site","0.95","RS","2026-05-01T21:45:35.595Z","https://abellaadv.com.br/","contato@abellaadv.com.br","(51) 98040-0909","(51) 98040-0909"
"MARINGA","https://www.instagram.com/carvalhoerodriguesadv/","ready_for_review","Seguir","org_web_82b2dc62625d9db1","CARVALHO & RODRIGUES ADVOGADOS ASSOCIADOS (@carvalhoerodriguesadv)","google_web_discovery|official_site","0.95","PR","2026-05-01T21:45:25.862Z","http://www.carvalhoerodrigues.adv.br/","contato@carvalhoerodrigues.adv.br","(44) 3041-6440","(44) 3041-6440"
"PORTO ALEGRE","https://www.instagram.com/mellocastroadvogados/","ready_for_review","Seguir","org_web_b024a2a2d26e52d8","MELLO & CASTRO ADVOGADOS (@mellocastroadvogados)","google_web_discovery|official_site","0.95","RS","2026-05-01T21:41:51.654Z","https://www.mellocastro.com.br/","contato@mellocastro.com.br","(51) 3105-2002","(51) 3105-2002"
"PORTO ALEGRE","https://www.instagram.com/perespereiraadvogados/","ready_for_review","Seguir","org_web_c4d61865a22dd89f","ADVOGADOS EM PORTO ALEGRE ZONA SUL (@perespereiraadvogados)","google_web_discovery|official_site","0.95","RS","2026-05-01T21:41:51.636Z","https://perespereiraadvogados.com.br/","contato@perespereiraadvogados.com.br","(51) 99577-7226","(51) 99577-7226"
"CURITIBA","https://www.instagram.com/prmartinsadv/","ready_for_review","Seguir","org_web_01823cf2f0bca633","ADVOGADO PREVIDENCIÁRIO PR MARTINS SOCIEDADE DE ADVOGADOS (@prmartinsadv)","google_web_discovery|official_site","0.95","PR","2026-05-01T21:11:55.537Z","https://www.prmartins.adv.br/","contato@prmartins.adv.br","(41) 3045-4003","(41) 3045-4003"
"CURITIBA","https://www.instagram.com/guterresesombrio.adv/","ready_for_review","Seguir","org_web_31cb0dd30bbef88a","ADVOGADOS ESPECIALISTAS DE DIREITO PREVIDENCIÁRIO EM CURITIBA (@guterresesombrio.adv)","google_web_discovery|official_site","0.95","PR","2026-05-01T21:10:52.674Z","https://guterresesombrio.adv.br/","contato@guterresesombrio.adv.br","(41) 99801-1515","(41) 9801-1515"
"LONDRINA","https://www.instagram.com/prb_advogados/","ready_for_review","Seguir","org_web_4fed85b836856038","PRB ADVOGADOS (@prb_advogados)","google_web_discovery|official_site","0.95","PR","2026-05-01T21:09:49.367Z","https://prbadvogados.adv.br/","pedro@prbadvogados.adv.br","(43) 3026-3626","(43) 99996-3626"
"LONDRINA","https://www.instagram.com/ribeirovieiraadvocacia/","ready_for_review","Seguir","org_web_df6a7fe8e103e75e","RIBEIRO VIEIRA ADVOCACIA (@ribeirovieiraadvocacia)","google_web_discovery|official_site","0.95","PR","2026-05-01T21:09:45.000Z","https://ribeirovieira.adv.br/","contato@ribeirovieira.adv.br","(43) 3342-6688","(43) 99993-6525"
"LONDRINA","https://www.instagram.com/degodoycintra/","ready_for_review","Seguir","org_web_cfe934be2f72e5bb","DE GODOY CINTRA ADVOGADOS — LONDRINA/PR (@degodoycintra)","google_web_discovery|official_site","0.95","PR","2026-05-01T21:09:40.636Z","https://degodoycintra.adv.br/","eduardo@degodoycintra.adv.br","(43) 3066-2607","(43) 3066-2607"
"LONDRINA","https://www.instagram.com/paleariadvocacia/","ready_for_review","Seguir","org_web_edf5efcd4571b79d","PALEARI ADVOCACIA – PALEARIADV.COM.BR (@paleariadvocacia)","google_web_discovery|official_site","0.95","PR","2026-05-01T21:09:36.272Z","https://paleariadv.com.br/","contato@paleariadv.com.br","(43) 3367-5797","(43) 3367-5797"
"LONDRINA","https://www.instagram.com/tomanagaadvogados/","ready_for_review","Seguir","org_web_79a6598a594aea65","TOMANAGA ADVOGADOS: HOME (@tomanagaadvogados)","google_web_discovery|official_site","0.95","PR","2026-05-01T21:09:36.271Z","https://tomanagaadvogados.com.br/","contato@tomanagaadvogados.com.br","(43) 3348-3524","(43) 99991-4130"
"CURITIBA","https://www.instagram.com/zucolottoadvogados/","ready_for_review","Seguir","org_web_1b5653e6c3ec650a","ZUCOLOTTO – SOCIEDADE DE ADVOGADOS (@zucolottoadvogados)","google_web_discovery|official_site","0.95","PR","2026-05-01T21:04:35.987Z","https://zucolotto.adv.br/","juridico@zucolotto.adv.br","(41) 3335-4555","(41) 3335-4555"
"CURITIBA","https://www.instagram.com/insscomgustavoquintao/","ready_for_review","Seguir","org_web_fac112edc3b73511","QUINTÃO ADVOCACIA PREVIDENCIÁRIA (@insscomgustavoquintao)","google_web_discovery|official_site","0.95","PR","2026-05-01T21:02:14.241Z","https://www.quintao.adv.br/","contato@quintao.adv.br","","(41) 99191-1403"
"SAO PAULO","https://www.instagram.com/acsadvocaciaprevidenciaria/","ready_for_review","Seguir","org_web_6a308fbd4c5e48ef","ACS ADVOCACIA PREVIDENCIÁRIA ESPECIALIZADA (@acsadvocaciaprevidenciaria)","google_web_discovery|official_site","0.95","SP","2026-05-01T21:00:32.715Z","https://adrianosouza.adv.br/","advocacia@adrianosouza.adv.br","(41) 3322-4617","(41) 3322-4617"
"CURITIBA","https://www.instagram.com/serafimadvocacia/","ready_for_review","Seguir","org_web_17b8a6ee042b7427","SERAFIM ADVOGADOS – ESCRITÓRIO DE ADVOCACIA EM CURITIBA ... (@serafimadvocacia)","google_web_discovery|google_web_search|official_site","0.95","PR","2026-05-01T20:38:52.389Z","https://serafimadvogados.com.br/","juridico@serafimadvogados.com.br","",""
"CURITIBA","https://www.instagram.com/rosettiadvogados/","ready_for_review","Seguir","org_2a1e7a93d5cd6dfe","ROSETTI ADVOGADOS ASSOCIADOS (@rosettiadvogados)","cnsa_registry|google_web_discovery|official_site","0.95","PR","2026-05-01T20:38:05.705Z","https://rosettiadvogados.adv.br/","claudio@rosettiadvogados.adv.br","(41) 3015-5993",""
"CURITIBA","https://www.instagram.com/yamamotoadvogados/","ready_for_review","Seguir","org_web_c650453fca3d85c6","YAMAMOTO ADVOGADOS (@yamamotoadvogados)","google_web_discovery|official_site","0.95","PR","2026-05-01T20:37:59.337Z","https://yamamoto.com.br/","yamamoto@yamamoto.com.br","(41) 3224-3890","(41) 3224-3890"
"UBERLANDIA","https://www.instagram.com/marcelaguimaraesadvogados/","ready_for_review","Seguir","org_web_ac9157cc86e7e204","MARCELA GUIMARÃES SOCIEDADE DE ADVOGADOS (@marcelaguimaraesadvogados)","google_web_discovery|official_site","0.95","MG","2026-05-01T20:37:49.611Z","https://www.marcelaguimaraes.adv.br/","contato@marcelaguimaraes.adv.br","","(34) 9888-4976"
"UBERLANDIA","https://www.instagram.com/professor.crepaldi/","ready_for_review","Seguir","org_web_0a55662ce3156c14","CREPALDI ADVOGADOS (@professor.crepaldi)","google_web_discovery|official_site","0.95","MG","2026-05-01T20:37:44.244Z","https://www.crepaldi.adv.br/","crepaldi@crepaldi.adv.br","","(34) 99146-4528"
"UBERLANDIA","https://www.instagram.com/sousaadvogadosudia/","ready_for_review","Seguir","org_web_aab10f2ed04d80b7","SOUSA NETO ADVOGADOS ⚖️ ESCRITÓRIO DE ADVOCACIA EM ... (@sousaadvogadosudia)","google_web_discovery|google_web_search|official_site","0.95","MG","2026-05-01T20:37:34.514Z","https://sousanetoadvogados.com.br/","contato@sousanetoadvogados.com.br","(34) 3214-6298",""
"UBERLANDIA","https://www.instagram.com/tamiresluzadvogados/","ready_for_review","Seguir","org_web_1da6e80b2f334384","TAMIRES LUZ ADVOCACIA (@tamiresluzadvogados)","google_web_discovery|official_site","0.95","MG","2026-05-01T20:37:34.513Z","https://tamiresluzadvocacia.com.br/","contato@tamiresluzadvocacia.com.br","(34) 99713-7226","(34) 99713-7226"
"CURITIBA","https://www.instagram.com/eloapintaudi/","ready_for_review","Seguir","org_web_818e5f255cb486ef","GOMM ADVOGADOS (@eloapintaudi)","google_web_discovery|google_web_search|official_site","0.95","PR","2026-05-01T20:34:29.037Z","https://www.gomm.com.br/","gomm@gomm.com.br","",""
"BELO HORIZONTE","https://www.instagram.com/almeidameloadvogados/","ready_for_review","Seguir","org_web_94e88bef99f19ddd","ADVOGADOS EM BELO HORIZONTE (MG) (@almeidameloadvogados)","google_web_discovery|official_site","0.95","MG","2026-05-01T20:33:01.771Z","https://almeidamelo.adv.br/","contato@almeidamelo.adv.br","(31) 3658-2176","(31) 3658-2176"
"BELO HORIZONTE","https://www.instagram.com/rabeloeoliveira.adv/","ready_for_review","Seguir","org_web_73c6836acd57833d","RABELO E OLIVEIRA – ADVOGADOS (@rabeloeoliveira.adv)","google_web_discovery|official_site","0.95","MG","2026-05-01T20:33:01.770Z","https://rabeloeoliveira.adv.br/","contato@rabeloeoliveira.adv.br","(31) 99539-4177","(31) 99978-0421"
"BELO HORIZONTE","https://www.instagram.com/mgsr.adv/","ready_for_review","Seguir","org_web_c236409fcfdd1fc6","MGSR – SOCIEDADE DE ADVOGADOS (@mgsr.adv)","google_web_discovery|official_site","0.95","MG","2026-05-01T20:33:01.770Z","https://mgsr.adv.br/","atendimento@mgsr.adv.br","","(31) 93618-2343"
"BELO HORIZONTE","https://www.instagram.com/alexandrefarahprev/","ready_for_review","Seguir","org_web_ea6ef755c04d7818","ALEXANDRE GUALBERTO FARAH ADVOCACIA PREVIDENCIÁRIA E ... (@alexandrefarahprev)","google_web_discovery|official_site","0.95","MG","2026-05-01T20:14:31.634Z","https://www.alexandrefarahprev.adv.br/","contato@alexandrefarahprev.adv.br","(31) 3654-4004","(31) 99814-3800"
"BELO HORIZONTE","https://www.instagram.com/abiackeladvogados/","ready_for_review","Seguir","org_web_f188d816c8a5ae95","ABIACKELADVOGADOS (@abiackeladvogados)","google_web_discovery|official_site","0.95","MG","2026-05-01T20:14:20.895Z","https://www.abiackeladvogados.com.br/","compliance@abiackeladvogados.com.br","(31) 3261-8083","(31) 3261-4199"
"BELO HORIZONTE","https://www.instagram.com/muzzieadvogados/","ready_for_review","Seguir","org_web_47eaf9e43fd3d66e","MUZZI E ADVOGADOS (@muzzieadvogados)","google_web_discovery|official_site","0.95","MG","2026-05-01T20:14:15.526Z","https://www.muzzi.adv.br/","muzzi@muzzi.adv.br","","(31) 3281-5010"
"NITEROI","https://www.instagram.com/faiaesaad/","ready_for_review","Seguir","org_web_49fc1e63bd7182ad","FAIA & SAAD ADVOGADOS (@faiaesaad)","google_web_discovery|official_site","0.95","RJ","2026-05-01T20:14:10.162Z","https://www.faiaesaad.adv.br/","advogados@faiaesaad.adv.br","(21) 99656-9356","(21) 99656-9356"
"RIO DE JANEIRO","https://www.instagram.com/tinocoadvogados/","ready_for_review","Seguir","org_web_8e0f1aa5859bb766","TINOCO ADVOGADOS (@tinocoadvogados)","google_web_discovery|official_site","0.95","RJ","2026-05-01T20:14:05.797Z","https://tinocoadvogados.adv.br/","alex@tinocoadvogados.adv.br","(21) 3587-1557",""
"NITEROI","https://www.instagram.com/julianamaia.adv/","ready_for_review","Seguir","org_web_bd60a6cda1ad8718","MAIA OLIVEIRA ADVOCACIA (@julianamaia.adv)","google_web_discovery|official_site","0.95","RJ","2026-05-01T20:14:00.430Z","https://maiaoliveira.adv.br/","contato@maiaoliveira.adv.br","(21) 97922-0905","(21) 97922-0905"
"BELO HORIZONTE","https://www.instagram.com/_woadvogados/","ready_for_review","Seguir","org_web_1c0721d5febfd93a","WALTER OLIVEIRA & ADVOGADOS (@_woadvogados)","google_web_discovery|official_site","0.95","MG","2026-05-01T20:11:55.179Z","https://walteroliveira.adv.br/","contato@walteroliveira.adv.br","(31) 3272-5151","(31) 3272-5151"
"RIO DE JANEIRO","https://www.instagram.com/monteiroportoadvogados/","ready_for_review","Seguir","org_web_3590ff37314c8967","MONTEIRO PORTO – SOCIEDADE DE ADVOGADOS (@monteiroportoadvogados)","google_web_discovery|official_site","0.95","RJ","2026-05-01T20:05:08.566Z","https://mporto.adv.br/","advocacia@mporto.adv.br","(21) 3173-0023","(21) 97752-0536"
"RIO DE JANEIRO","https://www.instagram.com/anaikeda.adv/","ready_for_review","Seguir","org_web_880aab3e71178983","ANA IKEDA ADVOCACIA (@anaikeda.adv)","google_web_discovery|official_site","0.95","RJ","2026-05-01T19:46:29.768Z","https://anaikeda.adv.br/","contato@anaikeda.adv.br","(21) 3197-4400","(21) 98800-7562"
"RIO DE JANEIRO","https://www.instagram.com/jmg.advogados/","ready_for_review","Seguir","org_web_9232fd23c79cd3c1","ESCRITÓRIO DE ADVOCACIA NO CENTRO DO RIO DE JANEIRO RJ (@jmg.advogados)","google_web_discovery|official_site","0.95","RJ","2026-05-01T19:46:25.406Z","https://mederogarcia.adv.br/","contato@mederogarcia.adv.br","(21) 99743-9963","(21) 99743-9963"
"RIO DE JANEIRO","https://www.instagram.com/beo.advogados/","ready_for_review","Seguir","org_web_a032ac39cec127e2","B&O ADVOGADOS (@beo.advogados)","google_web_discovery|official_site","0.95","RJ","2026-05-01T19:46:20.035Z","https://beoadvogados.com.br/","carlos.bigarel@beoadvogados.com.br","(21) 99946-6864","(21) 99946-6864"
"RIO DE JANEIRO","https://www.instagram.com/salomaoadv.com.br/","ready_for_review","Seguir","org_web_a6b3821878f3d496","SALOMÃO ADVOGADOS (@salomaoadv.com.br)","google_web_discovery|official_site","0.95","RJ","2026-05-01T19:46:20.033Z","https://salomaoadv.com.br/","contato@salomaoadv.com.br","",""
"SANTOS","https://www.instagram.com/manuelvittaadvogados/","ready_for_review","Seguir","org_web_84093009ee4cae52","MANUEL & VITTA – SOCIEDADE DE ADVOGADOS SANTOS – SP (@manuelvittaadvogados)","google_web_discovery|official_site","0.95","SP","2026-05-01T19:46:11.307Z","http://manuelvitta.adv.br/","contato@manuelvitta.adv.br","(13) 3221-7712","(13) 99685-9194"
"SAO PAULO","https://www.instagram.com/eckermannsantos.adv/","ready_for_review","Seguir","org_web_854fb12012b47080","ECKERMANN & SANTOS – SOCIEDADE DE ADVOGADOS (@eckermannsantos.adv)","google_web_discovery|official_site","0.95","SP","2026-05-01T19:46:11.307Z","https://eckermann.adv.br/","vagas@eckermann.adv.br","(11) 3522-9009","(11) 3151-4948"
"SANTOS","https://www.instagram.com/medeirossantosadv/","ready_for_review","Seguir","org_web_adf37a832715b081","MEDEIROS SANTOS ADVOGADOS (@medeirossantosadv)","google_web_discovery|official_site","0.95","SP","2026-05-01T19:46:05.941Z","https://www.medeirossantos.adv.br/","contato@medeirossantos.adv.br","",""
"SAO PAULO","https://www.instagram.com/advrobertomohamed/","ready_for_review","Seguir","org_web_6e9fe1f499cf1708","ROBERTO MOHAMED ADVOGADOS (@advrobertomohamed)","google_web_discovery|official_site","0.95","SP","2026-05-01T19:46:05.940Z","https://www.mohamed.adv.br/","fabio.nunes@mohamed.adv.br","(11) 5082-2862",""
"SANTOS","https://www.instagram.com/santosjr.adv/","ready_for_review","Seguir","org_web_afc28fa2d51e3165","SANTOS JR. ADVOCACIA (@santosjr.adv)","google_web_discovery|official_site","0.95","SP","2026-05-01T19:46:00.576Z","https://santosjradvocacia.adv.br/","contato@santosjradvocacia.adv.br","(67) 99290-8541","(67) 99290-8541"
"SANTOS","https://www.instagram.com/advocaciasantosoficial/","ready_for_review","Seguir","org_web_26bcfda4a7adb946","ADVOCACIA SANTOS (@advocaciasantosoficial)","google_web_discovery|official_site","0.95","SP","2026-05-01T19:43:09.331Z","http://advocaciasantos.com.br/","contato@advocaciasantos.com.br","(01) 12478-0592","(11) 99588-5979"
"RIO DE JANEIRO","https://www.instagram.com/dap.advocacia/","ready_for_review","Seguir","org_web_a5183eb973ca6589","DAP ADVOCACIA (@dap.advocacia)","google_web_discovery|official_site","0.95","RJ","2026-05-01T19:40:18.841Z","https://dapadvocacia.com.br/","contato@dapadvocacia.com.br","(21) 2018-7918","(21) 98203-8118"
"RIBEIRAO PRETO","https://www.instagram.com/bindamattoselorenzato/","ready_for_review","Seguir","org_web_1df84452993f8420","BML – SOCIEDADE DE ADVOGADOS (@bindamattoselorenzato)","google_web_discovery|official_site","0.95","SP","2026-05-01T19:34:02.164Z","https://bml.adv.br/","raquel.lorenzato@bml.adv.br","","(16) 3234-1040"
"SAO JOSE DOS CAMPOS","https://www.instagram.com/hissiebergossi/","ready_for_review","Seguir","org_web_6519c2856499144c","HISSI & BERGOSSI SOCIEDADE DE ADVOGADOS (@hissiebergossi)","google_web_discovery|official_site","0.95","SP","2026-05-01T19:16:30.499Z","https://bergossi.adv.br/","bergossi@bergossi.adv.br","",""
"SAO JOSE DOS CAMPOS","https://www.instagram.com/soarespicon/","ready_for_review","Seguir","org_web_c3936e3a1f0b8c6b","SOARES PICON SOCIEDADE DE ADVOGADOS – SOCIEDADE DE ... (@soarespicon)","google_web_discovery|official_site","0.95","SP","2026-05-01T19:15:52.920Z","https://soarespicon.adv.br/","hotline@soarespicon.adv.br","(12) 3924-8999",""
"SAO JOSE DOS CAMPOS","https://www.instagram.com/laurentino_advocacia/","ready_for_review","Seguir","org_web_f62c3bf1a1c7c29c","LAURENTINO ADVOCACIA (@laurentino_advocacia)","google_web_discovery|official_site","0.95","SP","2026-05-01T19:15:42.172Z","https://laurentino.adv.br/","contato@laurentino.adv.br","(12) 98805-5171","(12) 98805-5171"
"SAO JOSE DOS CAMPOS","https://www.instagram.com/nmmadvogados/","ready_for_review","Seguir","org_web_cf8edfd0803f990b","ESCRITÓRIO DE ADVOCACIA EM SÃO JOSÉ DOS CAMPOS (@nmmadvogados)","google_web_discovery|official_site","0.95","SP","2026-05-01T19:15:36.801Z","https://nmmadvogados.com.br/","contato@nmmadvogados.com.br","(12) 3308-5122","(12) 99182-4447"
"SAO PAULO","https://www.instagram.com/paschoalinberger/","ready_for_review","Seguir","org_web_19f76b5632a02c93","ADVOGADOS ESPECIALISTAS EM DIREITO TRABALHISTA EMPRESARIAL (@paschoalinberger)","google_web_discovery|official_site","0.95","SP","2026-05-01T19:15:32.430Z","https://www.paschoalinberger.adv.br/","contato@paschoalinberger.adv.br","(11) 4306-2945","(11) 98980-8286"
"SOROCABA","https://www.instagram.com/advocaciatarossi/","ready_for_review","Seguir","org_web_61e5c9311f42bcf9","RODRIGO TAROSSI SOCIEDADE DE ADVOGADOS (@advocaciatarossi)","google_web_discovery|official_site","0.95","SP","2026-05-01T19:15:27.058Z","https://www.rodrigotarossi.adv.br/","rodrigo@rodrigotarossi.adv.br","(11) 4013-4731","(11) 97296-2644"
"SOROCABA","https://www.instagram.com/mmendesadv/","ready_for_review","Seguir","org_web_1ea931e8e4c7e7f5","MENDES E MENDES OLIVEIRA ADVOGADOS ASSOCIADOS ... (@mmendesadv)","google_web_discovery|official_site","0.95","SP","2026-05-01T19:15:27.057Z","https://mmsadv.adv.br/","contato@mmsadv.adv.br","(15) 3032-3700","(15) 99796-3795"
"SOROCABA","https://www.instagram.com/lmr.adv/","ready_for_review","Seguir","org_web_67f5cb4e8e54e236","LMR ADVOGADOS (@lmr.adv)","google_web_discovery|official_site","0.95","SP","2026-05-01T19:15:27.057Z","https://www.lmr.adv.br/","contato@lmr.adv.br","(15) 99749-3599","(15) 99749-3599"
"SOROCABA","https://www.instagram.com/pradoxavieradvogados/","ready_for_review","Seguir","org_web_d951ad4ea5b42b46","PRADO XAVIER – SOCIEDADE DE ADVOGADOS (@pradoxavieradvogados)","google_web_discovery|official_site","0.95","SP","2026-05-01T19:15:27.057Z","https://pxf.adv.br/","contato@pxf.adv.br","","(15) 99187-7330"
"SOROCABA","https://www.instagram.com/ronaldosociedadeadv/","ready_for_review","Seguir","org_web_d35d478f575df67a","RONALDO BORGES SOCIEDADE DE ADVOGADOS – SOLUÇÕES EM ... (@ronaldosociedadeadv)","google_web_discovery|official_site","0.95","SP","2026-05-01T19:15:27.056Z","https://ronaldoborges.adv.br/","%20contato@ronaldoborges.adv.br","(15) 99165-1200","(15) 99165-1200"
"SOROCABA","https://www.instagram.com/siqueirasouzaebanietti/","ready_for_review","Seguir","org_web_e7d4f7413fac1662","SIQUEIRA SOUZA & BANIETTI ADVOGADOS – PROFISSIONAIS ... (@siqueirasouzaebanietti)","google_web_discovery|official_site","0.95","SP","2026-05-01T19:15:17.319Z","https://siqueirasouzaebanietti.adv.br/","falecom@siqueirasouzaebanietti.adv.br","(15) 99733-9552","(15) 99733-9552"
"SOROCABA","https://www.instagram.com/rocha.advogados.associados/","ready_for_review","Seguir","org_web_70edbd7cda5c93aa","ROCHA GIBRAN ADVOGADOS – ESPECIALISTA EM DIREITO ... (@rocha.advogados.associados)","google_web_discovery|official_site","0.95","SP","2026-05-01T19:15:17.318Z","https://rochagibran.adv.br/","rochaadvogados@rochagibran.adv.br","(41) 3233-2030",""
"RIBEIRAO PRETO","https://www.instagram.com/coletto_adv/","ready_for_review","Seguir","org_web_e6651342c3af56a9","COLETTO SOCIEDADE DE ADVOGADOS (@coletto_adv)","google_web_discovery|google_web_search|official_site","0.95","SP","2026-05-01T19:15:04.970Z","https://coletto.adv.br/","contato@coletto.adv.br","(16) 3965-1853",""
"RIBEIRAO PRETO","https://www.instagram.com/cosmoadvogados/","ready_for_review","Seguir","org_web_823df5ac4a5961e9","COSMO SOCIEDADE DE ADVOGADOS (@cosmoadvogados)","google_web_discovery|official_site","0.95","SP","2026-05-01T19:13:11.784Z","https://cosmo.adv.br/","contato@cosmo.adv.br","(16) 3237-4020","(16) 99787-4080"
"SOROCABA","https://www.instagram.com/cjaadvogados/","ready_for_review","Seguir","org_web_18d5191fba3dda26","CJA ADVOGADOS (@cjaadvogados)","google_web_discovery|official_site","0.95","SP","2026-05-01T19:13:11.783Z","https://www.cjaadvogados.com.br/","contato@cjaadvogados.com.br","(15) 3231-5407","(15) 99804-8721"
"SAO PAULO","https://www.instagram.com/guazzelli_advocacia/","ready_for_review","Seguir","org_web_1ba668f92a670f0b","GUAZZELLI ADVOCACIA EMPRESARIAL: HOME (@guazzelli_advocacia)","google_web_discovery|google_web_search|google_web_search_miss|official_site","0.95","SP","2026-05-01T19:02:17.186Z","https://guazzelliadvocacia.com.br/","contato@guazzelliadvocacia.com.br","(11) 3044-1946","(51) 99190-0475"
"SAO PAULO","https://www.instagram.com/torresramonadv/","ready_for_review","Seguir","org_web_7fa0b5c638900f3f","ESCRITÓRIO DE ADVOCACIA EMPRESARIAL (@torresramonadv)","google_web_discovery|official_site","0.95","SP","2026-05-01T19:02:17.186Z","https://www.torresramon.com.br/","juridico@torresramon.com.br","(11) 98621-9590","(11) 98621-9590"
"SAO PAULO","https://www.instagram.com/plkcadvogados/","ready_for_review","Seguir","org_web_69629b4361e256d2","PLKC ADVOGADOS (@plkcadvogados)","google_web_discovery|official_site","0.95","SP","2026-05-01T19:02:17.185Z","https://plkc.com.br/","plkc@plkc.com.br","(11) 3841-3900",""
"SAO PAULO","https://www.instagram.com/hmgcadvogados/","ready_for_review","Seguir","org_web_84faec93eb09fe89","HMGC ADVOGADOS ▷ ESCRITÓRIO DE ADVOCACIA EMPRESARIAL SP (@hmgcadvogados)","google_web_discovery|google_web_search|official_site","0.95","SP","2026-05-01T19:00:33.385Z","https://www.hmgcadvogados.com.br/","renato@hmgcadvogados.com.br","(11) 4242-8552",""
"SAO PAULO","https://www.instagram.com/flaviolopes.adv/","ready_for_review","Seguir","org_web_1b2d94a21575039e","FLÁVIO LOPES – FLÁVIO LOPES ADVOGADOS CARREGA A ... (@flaviolopes.adv)","google_web_discovery|official_site","0.95","SP","2026-05-01T18:56:52.739Z","https://flaviolopes.adv.br/","contato@flaviolopes.adv.br","(71) 3506-1952",""
"SAO PAULO","https://www.instagram.com/cassiano.advogados/","ready_for_review","Seguir","org_web_dfbe757ba0e10e95","CASSIANO SOCIEDADE DE ADVOGADOS (@cassiano.advogados)","google_web_discovery|official_site","0.95","SP","2026-05-01T18:55:05.813Z","https://cassiano.adv.br/","contato@cassiano.adv.br","(11) 99384-5005","(11) 99384-5005"
"SAO PAULO","https://www.instagram.com/dallaverdeadvocacia/","ready_for_review","Seguir","org_web_81238bbbf041fd12","DALLA VERDE ADVOCACIA – EM DEFESA DOS SEUS DIREITOS (@dallaverdeadvocacia)","google_web_discovery|official_site","0.95","SP","2026-05-01T18:43:27.110Z","https://dallaverdeadvocacia.adv.br/","contato@dallaverdeadvocacia.adv.br","(11) 95787-7941",""
"SAO PAULO","https://www.instagram.com/bes.adv.br/","ready_for_review","Seguir","org_web_8ec1258d8908a753","BURATTO SOCIEDADE DE ADVOGADOS (@bes.adv.br)","google_web_discovery|official_site","0.95","SP","2026-05-01T18:43:13.560Z","https://www.bes.adv.br/","contato@bes.adv.br","(11) 3101-7722","(11) 3101-7722"
"SAO PAULO","https://www.instagram.com/ibrativos_rastreamento/","ready_for_review","Seguir","org_96816650614bfdc0","ABRAO CAMARGO ADVOGADOS (@ibrativos_rastreamento)","google_web_search|oab_registry|official_site","0.95","SP","2026-05-01T18:43:13.498Z","https://abraocamargo.com.br/","gabriel@abraocamargo.com.br","",""
"CURITIBA","https://www.instagram.com/artmannadvogados/","ready_for_review","Seguir","org_769faf79dba85bb8","ARTMANN ADVOGADOS (@artmannadvogados)","cnsa_registry|official_site","0.95","PR","2026-05-01T18:12:04.519Z","https://artmannadvogados.com.br/","contato@artmannadvogados.com.br","",""
"SAO PAULO","https://www.instagram.com/marciorosa.adv/","ready_for_review","Seguir","org_web_aaf94cc96c98bfd8","MÁRCIO ROSA SOCIEDADE DE ADVOGADOS (@marciorosa.adv)","google_web_discovery|official_site","0.95","SP","2026-05-01T18:09:53.429Z","https://mrosa.adv.br/","contato@mrosa.adv.br","(15) 3357-4669","(15) 3357-4669"
"SAO PAULO","https://www.instagram.com/aphoffmannadv/","ready_for_review","Seguir","org_3586014209be2ed2","ALMEIDA PRADO E HOFFMANN ADVOGADOS ASSOCIADOS (@aphoffmannadv)","google_web_search|oab_registry|official_site","0.95","SP","2026-05-01T18:09:34.297Z","https://www.aphoffmann.com.br/","aphoffmann@aphoffmann.com.br","",""
"SAO PAULO","https://www.instagram.com/autuoriburmann/","ready_for_review","Seguir","org_d955dcc94e7670e6","AUTUORI, BURMANN SOCIEDADE DE ADVOGADOS (@autuoriburmann)","google_web_search|oab_registry|official_site","0.95","SP","2026-05-01T18:09:32.252Z","https://www.autuori.com.br/","curriculo@autuori.com.br","",""
"SAO PAULO","https://www.instagram.com/varella.adv/","ready_for_review","Seguir","org_web_a6aa8bed8558333a","VARELLA ADVOCACIA (@varella.adv)","google_web_discovery|official_site","0.95","SP","2026-04-30T20:38:07.063Z","https://ianvarella.adv.br/","contato@ianvarella.adv.br","(11) 2391-9440","(11) 98777-7733"
"SAO PAULO","https://www.instagram.com/dra.mayrathais/","ready_for_review","Seguir","org_web_ba37823bf227d9a6","MAYRA THAIS – ADVOCACIA & CONSULTORIA PREVIDENCIÁRIA (@dra.mayrathais)","google_web_discovery|official_site","0.95","SP","2026-04-30T16:03:28.256Z","https://mayrathais.adv.br/","contato@mayrathais.adv.br","(11) 99150-6688","(11) 99150-6688"
"SAO PAULO","https://www.instagram.com/harasagrotexas/","ready_for_review","Seguir","org_web_a6c161f86db962b6","RENATO FREITAS SOCIEDADE DE ADVOGADOS (@harasagrotexas)","google_web_discovery|official_site","0.95","SP","2026-04-29T04:58:00.392Z","https://www.renatofreitas.com.br/","escritorio@renatofreitas.com.br","(11) 96343-1000","(11) 96343-1000"
"SAO PAULO","https://www.instagram.com/santosnetoadvogados/","ready_for_review","Seguir","org_170b61c641f13d35","SANTOS NETO ADVOGADOS (@santosnetoadvogados)","codex_fallback|oab_registry|official_site","0.95","SP","2026-04-29T04:05:08.937Z","https://www.santosneto.com.br/","contato@santosneto.com.br","+55 (11) 3124-3070",""
"SAO PAULO","https://www.instagram.com/avidaladvogados/","ready_for_review","Seguir","org_web_8361bffa95360e8c","A. VIDAL – ADVOGADOS (@avidaladvogados)","google_web_discovery|official_site","0.95","SP","2026-04-29T00:08:55.466Z","https://avidal.com.br/","contato@avidal.com.br","(11) 94150-9767","(11) 94150-9767"
"SAO PAULO","https://www.instagram.com/cortonaeranieri/","ready_for_review","Seguir","org_web_340ca490392fa86e","ADVOCACIA CORTONA E RANIERI (@cortonaeranieri)","google_web_discovery|official_site","0.95","SP","2026-04-28T08:09:10.292Z","https://www.cortonaeranieri.com.br/","contato@cortonaeranieri.com.br","(11) 3106-0958","(11) 3106-0958"
"SAO PAULO","https://www.instagram.com/frkadvogados/","ready_for_review","Seguir","org_8ae1c7f4a1af5182","FLEITLICH, ROCHA E KHALIL SOCIEDADE DE ADVOGADOS (@frkadvogados)","google_web_search|oab_registry|official_site","0.95","SP","2026-04-28T06:44:14.375Z","https://frkadvogados.com.br/","recepcao@frkadvogados.com.br","(11) 3532-3015","(11) 3532-3015"
"CURITIBA","https://www.instagram.com/kustermachado/","ready_for_review","Seguir","org_5cb52e9e2729b18e","KUSTER E LICA ADVOGADOS ASSOCIADOS (@kustermachado)","cnsa_registry|google_web_search|official_site","0.95","PR","2026-04-28T05:14:51.828Z","https://www.kladvogados.com.br/","contatocuritiba@kladvogados.com.br","(41) 3076-4498","(41) 3076-4498"
"SAO PAULO","https://www.instagram.com/fiorinlonghi_adv/","ready_for_review","Seguir","org_8bdc32a214deb31f","FIORIN LONGHI SOCIEDADE DE ADVOGADOS (@fiorinlonghi_adv)","codex_fallback|google_web_search|oab_registry|official_site","0.95","SP","2026-04-28T04:06:49.800Z","https://fiorinlonghi.com.br/","fiorinlonghi@fiorinlonghi.com.br","","(11) 93439-7708"
"CURITIBA","https://www.instagram.com/hassonadvogados/","ready_for_review","Seguir","org_c6f8500ec8007af3","ROLAND HASSON (@hassonadvogados)","oab_registry|official_site","0.95","PR","2026-04-24T18:47:10.071Z","https://hassonadvogados.com.br/","roland@hassonadvogados.com.br","(41) 3322-2490",""
"CURITIBA","https://www.instagram.com/gcb_adv/","ready_for_review","Seguir","org_df373de7752a01c3","HELIO GOMES COELHO JUNIOR (@gcb_adv)","oab_registry|official_site","0.95","PR","2026-04-24T18:46:59.643Z","https://gcb.adv.br/","helio@gcb.adv.br","(41) 3014-4040",""
"SAO PAULO","https://www.instagram.com/engholmcapez/","ready_for_review","Seguir","org_2b3c959523fe8b90","ENGHOLM CARDOSO & CAPEZ ADVOGADOS ASSOCIADOS (@engholmcapez)","google_web_search|oab_registry|official_site","0.95","SP","2026-04-24T11:15:21.478Z","https://engholm.com.br/","luciano@engholm.com.br","(11) 3885-4230",""
"CURITIBA","https://www.instagram.com/avilaadvogados/","ready_for_review","Seguir","org_18d92f885cf75065","AVILA SOCIEDADE DE ADVOGADOS (@avilaadvogados)","cnsa_registry|official_site","0.95","PR","2026-04-23T18:29:28.027Z","https://www.avilaadvogados.com.br/","contato@avilaadvogados.com.br","(41) 3155-9755",""
"CURITIBA","https://www.instagram.com/zillmannadvogados/","ready_for_review","Seguir","org_a58c874fcfac8d78","ZILLMANN ADVOGADOS ASSOCIADOS (@zillmannadvogados)","cnsa_registry|official_site","0.95","PR","2026-04-23T18:29:15.325Z","https://www.zadvocacia.adv.br/","contato@zadvocacia.adv.br","(41) 99668-9179","(41) 99668-9179"
"CURITIBA","https://www.instagram.com/lcadvogados.adv/","ready_for_review","Seguir","org_8ba484aa5bc59fc0","LUANA CHAVES ADVOGADOS ASSOCIADOS (@lcadvogados.adv)","cnsa_registry|official_site","0.95","PR","2026-04-23T18:16:22.085Z","https://www.lcadvogados.adv.br/","contato@lcadvogados.adv.br","(41) 99637-6520","(41) 99637-6520"
"CURITIBA","https://www.instagram.com/espinolateixeiraebertin/","ready_for_review","Seguir","org_f35b96b33174b581","ESPINOLA TEIXEIRA E BERTIN ADVOGADOS ASSOCIADOS (@espinolateixeiraebertin)","cnsa_registry|official_site","0.95","PR","2026-04-23T18:16:17.009Z","https://etb.adv.br/","contato@etb.adv.br","(41) 3332-4545","(41) 3332-4545"
"PORTO ALEGRE","https://www.instagram.com/sbs.advocacia/","ready_for_review","Seguir","org_web_d1023576f35e3b20","SBS ADVOCACIA: HOME (@sbs.advocacia)","google_web_discovery|official_site","0.92","RS","2026-05-01T21:45:50.692Z","https://www.sbsadvocacia.adv.br/","contato@sbsadvocacia.adv.br","(51) 98404-5759","(51) 98404-5759"
"PORTO ALEGRE","https://www.instagram.com/crippareyadv/","ready_for_review","Seguir","org_web_8d0e05cef82fd5f3","CRIPPA REY ADVOGADOS: ADVOCACIA ESTRATÉGICA, OBJETIVA E ... (@crippareyadv)","google_web_discovery|official_site","0.92","RS","2026-05-01T21:45:35.595Z","https://crippareyadvogados.com.br/","thiago@crippareyadvogados.com.br","(51) 3273-0015","(51) 3273-0015"
"MARINGA","https://www.instagram.com/gregioadvogados/","ready_for_review","Seguir","org_web_a435d22b042e44b4","ESCRITÓRIO DE ADVOCACIA (@gregioadvogados)","google_web_discovery|official_site","0.92","PR","2026-05-01T21:45:25.861Z","https://gregio.adv.br/","contato@gregio.adv.br","(44) 3226-7358","(44) 99162-4009"
"MARINGA","https://www.instagram.com/martinhagoadv/","ready_for_review","Seguir","org_web_1d6db3b2ae1e9420","ADVOCACIA MARINGÁ (@martinhagoadv)","google_web_discovery|official_site","0.92","PR","2026-05-01T21:36:47.445Z","https://martinhagoadv.com.br/","contato@martinhagoadv.com.br","(44) 99998-3859","(44) 99998-3859"
"SAO PAULO","https://www.instagram.com/vialle.advogados/","ready_for_review","Seguir","org_6ca17518d881d7bd","BARALE E BARALE ADVOGADOS ASSOCIADOS (@vialle.advogados)","google_web_discovery|google_web_search|oab_registry|official_site","0.92","SP","2026-05-01T21:09:45.001Z","https://www.vialleadvogados.adv.br/","ouvidoria@vialleadvogados.adv.br","(45) 3224-1822",""
"LONDRINA","https://www.instagram.com/rivaroliebueno/","ready_for_review","Seguir","org_web_fb8529d458eff973","RIVAROLI E BUENO: ESCRITÓRIO DE ADVOCACIA LOCALIZADO EM ... (@rivaroliebueno)","google_web_discovery|official_site","0.92","PR","2026-05-01T21:09:36.272Z","https://rivaroliebueno.com.br/","contato@rivaroliebueno.com.br","(43) 99959-8888","(43) 99959-8888"
"LONDRINA","https://www.instagram.com/bordinassiadvocacia/","ready_for_review","Seguir","org_web_916dc48cabc6039d","BORDINASSI ADVOCACIA: ESCRITÓRIO DE ADVOCACIA EM LONDRINA (@bordinassiadvocacia)","google_web_discovery|official_site","0.92","PR","2026-05-01T21:09:36.271Z","https://bordinassiadvocacia.com.br/","contato@bordinassiadvocacia.com.br","(43) 98805-3888","(43) 98805-3888"
"CURITIBA","https://www.instagram.com/natividade.adv/","ready_for_review","Seguir","org_web_c21f1d65a6228876","NATIVIDADE ADVOGADOS: HOME (@natividade.adv)","google_web_discovery|official_site","0.92","PR","2026-05-01T21:04:35.988Z","https://natividade.adv.br/","negocial@natividade.adv.br","(41) 3089-8585",""
"SAO JOSE DOS CAMPOS","https://www.instagram.com/guedesecruz/","ready_for_review","Seguir","org_web_73e7c1a76f8f2569","ESCRITÓRIO DE ADVOCACIA EM SÃO JOSÉ DOS CAMPOS (@guedesecruz)","google_web_discovery|official_site","0.92","SP","2026-05-01T20:37:34.513Z","https://guedesecruzadvocacia.com.br/","contato@guedesecruzadvocacia.com.br","(16) 99765-2947","(16) 99765-2947"
"BELO HORIZONTE","https://www.instagram.com/freitasfrancaadv/","ready_for_review","Seguir","org_web_1c4bc8d1f1c77851","FREITAS, FRANÇA ADVOGADOS: ADVOCACIA ESPECIALIZADA (@freitasfrancaadv)","google_web_discovery|official_site","0.92","MG","2026-05-01T20:14:15.523Z","https://www.freitasfranca.adv.br/","contato@freitasfranca.adv.br","","(31) 99557-1055"
"NITEROI","https://www.instagram.com/peresabreuadv/","ready_for_review","Seguir","org_web_49f20d1874c96538","CONTATO – PERES ABREU ADVOGADOS – ADVOCACIA EM NITERÓI (@peresabreuadv)","google_web_discovery|official_site","0.92","RJ","2026-05-01T20:11:35.707Z","https://peresabreuadv.com.br/","contato@peresabreuadv.com.br","(21) 2620-5055","(21) 96460-9236"
"RIO DE JANEIRO","https://www.instagram.com/maraujo.adv/","ready_for_review","Seguir","org_web_6d87d56086906a5d","MAURO ARAUJO E ASSOCIADOS: ADVOGADOS RIO DE JANEIRO (@maraujo.adv)","google_web_discovery|official_site","0.92","RJ","2026-05-01T20:05:08.568Z","https://maraujo.adv.br/","contato@maraujo.adv.br","(21) 97936-5755",""
"RIO DE JANEIRO","https://www.instagram.com/wcortesadvogados/","ready_for_review","Seguir","org_web_9d3157859e59bf55","W. CÔRTES ADVOGADOS: ADVOCACIA NO RIO DE JANEIRO (@wcortesadvogados)","google_web_discovery|official_site","0.92","RJ","2026-05-01T19:46:20.034Z","http://wcortesadvogados.com.br/","contato@wcortesadvogados.com.br","(21) 96477-6646","(21) 96477-6646"
"SANTOS","https://www.instagram.com/machadodesaadvocacia/","ready_for_review","Seguir","org_web_fefa17be17bf93c8","ESCRITÓRIO DE ADVOCACIA EM SANTOS (@machadodesaadvocacia)","google_web_discovery|official_site","0.92","SP","2026-05-01T19:46:00.577Z","https://www.machadodesa.adv.br/","contato@machadodesa.adv.br","(13) 98156-2004","(13) 98156-2004"
"SANTOS","https://www.instagram.com/duartesantos.adv/","ready_for_review","Seguir","org_web_360f89aeec7db871","DUARTE SANTOS ADVOCACIA: INÍCIO (@duartesantos.adv)","google_web_discovery|google_web_search|official_site","0.92","SP","2026-05-01T19:43:09.332Z","https://duartesantosadvocacia.com.br/","contato@duartesantosadvocacia.com.br","(47) 98803-8663","(47) 98803-8663"
"SAO JOSE DOS CAMPOS","https://www.instagram.com/marianiecarvalhoadvogados/","ready_for_review","Seguir","org_web_c241e47bbe15a10a","MARIANI & CARVALHO ADVOGADOS: HOME (@marianiecarvalhoadvogados)","google_web_discovery|official_site","0.92","SP","2026-05-01T19:15:47.540Z","https://www.marianiecarvalho.adv.br/","contato@marianiecarvalho.adv.br","(12) 3322-1293",""
"SAO JOSE DOS CAMPOS","https://www.instagram.com/advocacia.daniellecazarino/","ready_for_review","Seguir","org_web_bc949335439ea7aa","DIREITO TRABALHISTA – DANIELLE CAZARINO ADVOCACIA (@advocacia.daniellecazarino)","google_web_discovery|official_site","0.92","SP","2026-05-01T19:15:42.172Z","https://daniellecazarino.adv.br/","contato@daniellecazarino.adv.br","","(12) 98809-2897"
"SOROCABA","https://www.instagram.com/pinheiro_advocacia_/","ready_for_review","Seguir","org_web_4184f4cb36be4ee7","ENTRE EM CONTATO COM A PINHEIRO ADVOCACIA (@pinheiro_advocacia_)","google_web_discovery|official_site","0.92","SP","2026-05-01T19:13:17.976Z","https://advpinheiro.com.br/","atendimento@advpinheiro.com.br","(15) 99760-6362","(15) 99760-6362"
"SAO PAULO","https://www.instagram.com/advogadodiogoricardo/","ready_for_review","Seguir","org_web_e18b89fa59725161","DIOGO RICARDO ADVOCACIA: PÁGINA INICIAL (@advogadodiogoricardo)","google_web_discovery|official_site","0.92","SP","2026-05-01T19:00:28.021Z","https://diogoricardo.adv.br/","adv@diogoricardo.adv.br","(11) 2368-6628","(11) 98043-3385"
"SAO PAULO","https://www.instagram.com/mingroneebrandarizsoc.adv/","ready_for_review","Seguir","org_web_87e7e697ea8fde92","CONTATO – MINGRONE E BRANDARIZ SOCIEDADE DE ADVOGADOS ... (@mingroneebrandarizsoc.adv)","google_web_discovery|official_site","0.92","SP","2026-05-01T18:59:55.804Z","https://mingronebrandariz.com.br/","contato@mingronebrandariz.com.br","(11) 4327-6561","(11) 99614-4008"
"SAO PAULO","https://www.instagram.com/advocaciaoliveiralima/","ready_for_review","Seguir","org_web_1c1e486e294bd581","DIREITO PREVIDENCIÁRIO – ADVOCACIA OLIVEIRA LIMA (@advocaciaoliveiralima)","google_web_discovery|official_site","0.92","SP","2026-05-01T18:50:17.679Z","https://advocaciaoliveiralima.adv.br/","contato@advocaciaoliveiralima.adv.br","(11) 2408-6309","(11) 94248-8160"
"SAO PAULO","https://www.instagram.com/julianacohen.adv/","ready_for_review","Seguir","org_web_1b0c391d7f922292","JCOHEN ADVOCACIA: ADVOGADA EM SÃO PAULO (@julianacohen.adv)","google_web_discovery|official_site","0.92","SP","2026-04-30T22:08:59.948Z","https://jcohenadvocacia.adv.br/","juliana@jcohenadvocacia.adv.br","(11) 93151-6973","(11) 93151-6973"
"SAO PAULO","https://www.instagram.com/consultor_juridico/","ready_for_review","Seguir","org_b423b74ce9fe87bf","WAGMAN & ABUCHAM - SOCIEDADE DE ADVOGADOS (@consultor_juridico)","google_web_search|oab_registry|official_site","0.92","SP","2026-04-30T16:58:07.929Z","https://wagmaneabucham.com.br/","contato@wagmaneabucham.com.br","(11) 3812-1220",""
"SAO PAULO","https://www.instagram.com/villemoramaral/","ready_for_review","Seguir","org_d14250d6c8431e8f","VILLEMOR, MONTONI, PAIXAO, LOPES E ADVOGADOS ASSOCIADOS (@villemoramaral)","google_web_search|oab_registry|official_site","0.92","SP","2026-04-28T10:53:51.984Z","https://www.villemor.com.br/","villemorrj@villemor.com.br","(21) 3806-3400",""
"SAO PAULO","https://www.instagram.com/cma_law/","ready_for_review","Seguir","org_10668a5d40219067","CAMPOS MELLO E CAMPOS MELLO SOCIEDADE DE ADVOGADOS (@cma_law)","google_web_search|oab_registry|official_site","0.92","SP","2026-04-28T05:37:44.564Z","https://cmalaw.com/","marketing@cmalaw.com","(21) 3262-3000",""
"CURITIBA","https://www.instagram.com/carvalhoelias.advogados/","ready_for_review","Seguir","org_4423c400841572b3","CARVALHO E ELIAS SOCIEDADE DE ADVOGADOS (@carvalhoelias.advogados)","cnsa_registry|official_site","0.92","PR","2026-04-28T04:06:49.792Z","https://carvalhoelias.adv.br/","controladoria@carvalhoelias.adv.br","(41) 3046-2259",""
"CURITIBA","https://www.instagram.com/faria.advogados/","ready_for_review","Seguir","org_0ab047b46a36e578","FARIA E ADVOGADOS ASSOCIADOS (@faria.advogados)","cnsa_registry|official_site","0.92","PR","2026-04-28T04:06:49.787Z","https://www.fariaeadvogados.com.br/","giuliano@fariaeadvogados.com.br","(41) 99157-8051","(41) 99157-8051"
"SAO PAULO","https://www.instagram.com/governosp/","ready_for_review","Seguir","org_b6ec377359a63d05","NATAL E MANSSUR SOCIEDADE DE ADVOGADOS (@governosp)","google_web_search|oab_registry|official_site","0.92","SP","2026-04-24T20:27:53.672Z","https://www.nmaa.com.br/","contato@nmaa.com.br","(11) 3059-8800",""
"SAO PAULO","https://www.instagram.com/bachega.advogados/","ready_for_review","Seguir","org_7fb2a90fc5e72f20","BACHEGA SOCIEDADE DE ADVOGADOS (@bachega.advogados)","google_web_search|oab_registry|official_site","0.92","SP","2026-04-24T08:13:01.194Z","https://www.bachegaadvogados.com.br/","eraldo.junior@bachegaadvogados.com.br","(11) 94173-4946","(11) 94173-4946"
"SAO PAULO","https://www.instagram.com/radaadvocacia/","ready_for_review","Seguir","org_7bbe6ed50cf9c5cc","ROBERIO ALVES DIAS SOCIEDADE INDIVIDUAL DE ADVOCACIA (@radaadvocacia)","codex_fallback|oab_registry|official_site","0.92","SP","2026-04-24T06:19:40.838Z","https://radaadvocacia.adv.br/","contato@radaadvocacia.adv.br","+55 (11) 99301-1276","(11) 99301-1276"
"SAO PAULO","https://www.instagram.com/lopesdominguesadv/","ready_for_review","Seguir","org_a851e457e602223f","LOPES, DOMINGUES SOCIEDADE DE ADVOGADOS (@lopesdominguesadv)","google_web_search|google_web_search_miss|oab_registry","0.84","SP","2026-04-30T14:49:17.056Z","https://ldadv.com.br/","contato@ldadv.com.br","",""
"BELO HORIZONTE","https://www.instagram.com/escritorioasaf/","needs_manual_review","Seguir","org_web_db9efe215cc7bacf","ALEX SANTANA ADVOCACIA (@escritorioasaf)","google_web_discovery|official_site","0.95","MG","2026-05-02T02:44:09.264Z","https://www.asaf.adv.br/","","(31) 2511-2100","(31) 98110-2455"
"BELO HORIZONTE","https://www.instagram.com/daniellafernandesadvocacia/","needs_manual_review","Seguir","org_web_6e7bbbfea7247595","ADVOGADOS BH (@daniellafernandesadvocacia)","google_web_discovery|official_site","0.95","MG","2026-05-02T02:38:37.587Z","https://idealadvogadosbh.com.br/","","(31) 3526-8859","(31) 98883-0330"
"BELO HORIZONTE","https://www.instagram.com/leandrofialhoadvogados/","needs_manual_review","Seguir","org_web_f0983153dba42dd8","ESCRITÓRIO DE ADVOCACIA (@leandrofialhoadvogados)","google_web_discovery|official_site","0.95","MG","2026-05-02T02:33:17.940Z","https://leandrofialhoadvogados.com.br/","","(31) 99702-2211","(31) 99702-2211"
"BELO HORIZONTE","https://www.instagram.com/agostiniadvocacia/","needs_manual_review","Seguir","org_web_d221760da6488c7b","ESCRITÓRIO DE ADVOCACIA EM BH (@agostiniadvocacia)","google_web_discovery|official_site","0.95","MG","2026-05-02T02:27:54.316Z","https://www.agostiniemartiniadvocacia.com.br/","","(31) 3654-2234","(31) 99666-2234"
"NITEROI","https://www.instagram.com/drarosemagalhaes/","needs_manual_review","Seguir","org_web_95ff1d465f930f35","NIZZO & MAGALHÃES – SOCIEDADE DE ADVOGADOS (@drarosemagalhaes)","google_web_discovery|official_site","0.95","RJ","2026-05-02T02:16:48.417Z","https://rosemagalhaes.adv.br/","","(21) 96735-8910","(21) 96735-8910"
"RIO DE JANEIRO","https://www.instagram.com/advogadoandrerios/","needs_manual_review","Seguir","org_web_7a332e6aa52fcbbd","ANDRÉ RIOS ADVOCACIA PREVIDENCIÁRIA » NITERÓI, RIO DE JANEIRO (@advogadoandrerios)","google_web_discovery|official_site","0.95","RJ","2026-05-02T02:10:39.486Z","https://www.andrerios.adv.br/","","(21) 3617-3543","(21) 98313-6320"
"RIO DE JANEIRO","https://www.instagram.com/simonetorresadvocacia/","needs_manual_review","Seguir","org_web_9e7a1ae2151a527e","SIMONE TORRES ADVOGADOS (@simonetorresadvocacia)","google_web_discovery|official_site","0.95","RJ","2026-05-02T02:04:50.404Z","https://simonetorres.adv.br/","","",""
"NITEROI","https://www.instagram.com/anelizemoura.adv/","needs_manual_review","Seguir","org_web_2e4f53b1833e0e7a","DE PAULA MOURA – ADVOCACIA (@anelizemoura.adv)","google_web_discovery|official_site","0.95","RJ","2026-05-02T01:59:49.397Z","https://dpmoura.com.br/","","(21) 99517-3920","(21) 99517-3920"
"NITEROI","https://www.instagram.com/elainefeijoadv/","needs_manual_review","Seguir","org_web_26114f7435b314a6","ELAINE FEIJÓ – ADVOCACIA EM NITERÓI (@elainefeijoadv)","google_web_discovery|official_site","0.95","RJ","2026-05-02T01:54:25.786Z","https://elainefeijoadvocacia.com.br/","","(21) 3245-8280","(21) 99179-0117"
"SAO JOSE DOS CAMPOS","https://www.instagram.com/teixeiraadvogados.associados/","needs_manual_review","Seguir","org_web_23c42eea1cd3b2ef","TEIXEIRA ADVOGADOS ASSOCIADOS (@teixeiraadvogados.associados)","google_web_discovery|official_site","0.95","SP","2026-05-02T01:48:36.046Z","https://www.teixeiraadvogados.adv.br/","","(12) 99173-0111","(12) 99173-0111"
"SOROCABA","https://www.instagram.com/killianerodriguesadvogados/","needs_manual_review","Seguir","org_web_9a83729934b44e7d","KILLIAN & RODRIGUES ADVOCACIA – DIREITO PREVIDENCIÁRIO ... (@killianerodriguesadvogados)","google_web_discovery|official_site","0.95","SP","2026-05-02T01:18:16.310Z","https://killianerodrigues.adv.br/","","(15) 3232-2711","(15) 99816-4281"
"SOROCABA","https://www.instagram.com/trabalhistaempregado/","needs_manual_review","Seguir","org_web_e623a4b4179d5d52","HILTON MASCARENHAS SOCIEDADE DE ADVOGADOS (@trabalhistaempregado)","google_web_discovery|google_web_search|official_site","0.95","SP","2026-05-02T01:16:24.340Z","https://www.areadocliente.adv.br/","","(15) 3142-7070","(55) 1531-4270"
"FORTALEZA","https://www.instagram.com/paulocesarsociedadeadvogados/","needs_manual_review","Seguir","org_web_e55fab1eb0039c4c","PAULO CÉSAR ALENCAR SOCIEDADE DE ADVOGADOS (@paulocesarsociedadeadvogados)","google_web_discovery|official_site","0.95","CE","2026-05-02T01:11:49.126Z","http://paulocesar.jud.adv.br/","","(16) 3069-6660","(85) 98698-0612"
"SAO PAULO","https://www.instagram.com/borgesadvocacia/","needs_manual_review","Seguir","org_web_e428348facb6907e","ADVOCACIA TRABALHISTA BORGES (@borgesadvocacia)","google_web_discovery|google_web_search|official_site","0.95","SP","2026-05-01T23:37:49.665Z","https://advogadotrabalhistaborges.adv.br/","","(11) 3393-3030","(11) 97100-1599"
"CAXIAS DO SUL","https://www.instagram.com/zucoadvogados/","needs_manual_review","Seguir","org_web_1836f912e430d15a","ZUCO & ZUCO ADVOGADOS: INÍCIO (@zucoadvogados)","google_web_discovery|official_site","0.95","RS","2026-05-01T21:46:04.308Z","https://www.zuco.adv.br/","","(54) 9966-2315","(54) 9966-2315"
"PORTO ALEGRE","https://www.instagram.com/advogadoandredolcesilva/","needs_manual_review","Seguir","org_web_1c9c3d657b17657c","ADS SOCIEDADE DE ADVOGADOS – SITE OFICIAL (@advogadoandredolcesilva)","google_web_discovery|official_site","0.95","RS","2026-05-01T21:45:50.692Z","https://adssociedade.adv.br/","","(51) 98335-0007","(51) 98335-0007"
"PORTO ALEGRE","https://www.instagram.com/pelizzaroadvocacia/","needs_manual_review","Seguir","org_web_94bff4fae619330c","PELIZZARO ADVOCACIA PREVIDENCIÁRIA TRABALHISTA CONSUMIDOR ... (@pelizzaroadvocacia)","google_web_discovery|google_web_search|official_site","0.95","RS","2026-05-01T21:45:35.596Z","https://www.pelizzaro.com.br/","","(51) 98918-4988",""
"MARINGA","https://www.instagram.com/anacbeluco/","needs_manual_review","Seguir","org_web_1fd96c4fb4ce37c5","ADVOCACIA PREVIDENCIÁRIA (INSS) EM MARINGÁ (@anacbeluco)","google_web_discovery|official_site","0.95","PR","2026-05-01T21:45:20.493Z","https://belucoecarvalho.adv.br/","","(44) 9925-9258","(44) 99925-9258"
"MARINGA","https://www.instagram.com/valadaresadvogados/","needs_manual_review","Seguir","org_web_8b68446be327b401","VALADARES ADVOGADOS (@valadaresadvogados)","google_web_discovery|official_site","0.95","PR","2026-05-01T21:36:47.445Z","https://valadaresadvogados.com.br/","","(41) 3093-9396",""
"LONDRINA","https://www.instagram.com/castellani.santos/","needs_manual_review","Seguir","org_web_fca6f48227a061cb","CASTELLANI SANTOS ADVOCACIA (@castellani.santos)","google_web_discovery|official_site","0.95","PR","2026-05-01T21:09:40.636Z","https://castellanisantos.adv.br/","","","(43) 99148-6384"
"CURITIBA","https://www.instagram.com/vilelavianna/","needs_manual_review","Seguir","org_web_1c1f67164f26c391","VILELA VIANNA – ADVOCACIA E CONSULTORIA COM FOCO EM DIREITO ... (@vilelavianna)","google_web_discovery|official_site","0.95","PR","2026-05-01T21:01:50.763Z","https://www.vilelavianna.adv.br/","","","(41) 3233-5121"
"RIO DE JANEIRO","https://www.instagram.com/martins_regina_advocacia/","needs_manual_review","Seguir","org_web_21154711acefb472","MARTINS REGINA ESCRITÓRIO DE ADVOCACIA – RIO DE JANEIRO – RJ ... (@martins_regina_advocacia)","google_web_discovery|official_site","0.95","RJ","2026-05-01T21:00:52.399Z","https://escritoriodeadvocaciarj.com.br/","","(21) 98777-1186","(21) 98777-1186"
"SOROCABA","https://www.instagram.com/alaminosilva/","needs_manual_review","Seguir","org_web_db4a6fa5e66065b2","ESCRITÓRIO ADVOCACIA PREVIDENCIÁRIA E TRABALHISTA (@alaminosilva)","google_web_discovery|official_site","0.95","SP","2026-05-01T20:42:36.814Z","https://www.alaminosilva.com.br/","","(15) 3326-2261","(15) 98830-4751"
"UBERLANDIA","https://www.instagram.com/oquefazeruberlandia/","needs_manual_review","Seguir","org_web_b1fc8ed36812f2fd","RIBEIRO & RIBEIRO ADVOGADOS ASSOCIADOS (@oquefazeruberlandia)","google_web_discovery|google_web_search|official_site","0.95","MG","2026-05-01T20:39:23.575Z","https://advocaciaribeiroeribeiro.adv.br/","","",""
"UBERLANDIA","https://www.instagram.com/rochasantosportilhoadv/","needs_manual_review","Seguir","org_web_9d515185e50f368e","ROCHA SANTOS & PORTILHO – ADVOCACIA (@rochasantosportilhoadv)","google_web_discovery|official_site","0.95","MG","2026-05-01T20:37:49.612Z","https://rsp.adv.br/","","(27) 99813-7998","(34) 9706-8229"
"UBERLANDIA","https://www.instagram.com/advocaciaespindula/","needs_manual_review","Seguir","org_web_7ea79e87bde9aea9","ADVOCACIA TRABALHISTA, CONSUMIDOR E FAMÍLIA DRA. VIVIANE ... (@advocaciaespindula)","google_web_discovery|google_web_search|official_site","0.95","MG","2026-05-01T20:37:38.874Z","https://www.vivianeespindula.adv.br/","","(34) 99102-7524","(34) 99102-7524"
"SAO PAULO","https://www.instagram.com/mengarefedericoadvogados/","needs_manual_review","Seguir","org_web_ba2ec54ba9d94422","MENGAR E FEDERICO ADVOGADOS E ASSOCIADOS – ESCRITÓRIO ... (@mengarefedericoadvogados)","google_web_discovery|google_web_search|google_web_search_miss|official_site","0.95","SP","2026-05-01T20:25:23.907Z","https://mengarfrederico.adv.br/","","(11) 2294-6664",""
"SAO PAULO","https://www.instagram.com/bentojradvocacia/","needs_manual_review","Seguir","org_web_c93c9740afac35f6","BENTO JR ADVOCACIA EMPRESARIAL (@bentojradvocacia)","google_web_discovery|google_web_search|official_site","0.95","SP","2026-05-01T20:13:56.033Z","https://www.bentojradvocacia.com.br/","","(11) 95195-6024","(11) 95195-6024"
"RIO DE JANEIRO","https://www.instagram.com/advogado_previdenciario_inss/","needs_manual_review","Seguir","org_web_bfbabc881cb165d8","MEDEIROS ADVOGADOS (@advogado_previdenciario_inss)","google_web_discovery|google_web_search|official_site","0.95","RJ","2026-05-01T19:46:29.767Z","https://medeirosadv.adv.br/","","(21) 2222-2222",""
"SANTOS","https://www.instagram.com/harbsantos.adv/","needs_manual_review","Seguir","org_web_a3b10539096891f7","HARBS SANTOS ADVOGADOS (@harbsantos.adv)","google_web_discovery|official_site","0.95","SP","2026-05-01T19:46:05.941Z","https://harbsantos.adv.br/","","","(47) 98818-8862"
"SOROCABA","https://www.instagram.com/diasbatistaadv/","needs_manual_review","Seguir","org_web_bcf03ec4b97f028c","ADVOGADOS SOROCABA (@diasbatistaadv)","google_web_discovery|official_site","0.95","SP","2026-05-01T19:12:12.530Z","https://www.advogadosorocaba.com.br/","","(15) 3234-7117","(15) 99138-6106"
"SAO PAULO","https://www.instagram.com/ramalhoadvocaciasp/","needs_manual_review","Seguir","org_web_9dea356eff4b4cf2","RAMALHO ADVOCACIA SP – SITE PROFISSIONAL DE ADVOGADOS EM ... (@ramalhoadvocaciasp)","google_web_discovery|google_web_search|official_site","0.95","SP","2026-04-29T20:40:15.512Z","https://ramalhoadvocaciasp.com.br/","rose@ramalhoadvocaciasp.com.br","(11) 4312-0823","(11) 93430-2929"
"JOINVILLE","https://www.instagram.com/advocaciafrank/","needs_manual_review","Seguir","org_web_da0ad78a2071d4b6","ESCRITÓRIO DE ADVOCACIA (@advocaciafrank)","google_web_discovery|official_site","0.92","SC","2026-05-01T23:10:57.871Z","https://advocaciafrank.com.br/","","",""
"LONDRINA","https://www.instagram.com/rubinadvogados/","needs_manual_review","Seguir","org_web_40c7e695a31c07cf","RUBIN ADVOGADOS ASSOCIADOS: ADVOGADO EM LONDRINA (@rubinadvogados)","google_web_discovery|official_site","0.92","PR","2026-05-01T21:09:40.636Z","https://rubin.adv.br/","","(43) 99982-2542","(43) 99982-2542"
"LONDRINA","https://www.instagram.com/advogados.mw/","needs_manual_review","Seguir","org_web_f19b11876a3673c5","MW ADVOGADOS: HOME (@advogados.mw)","google_web_discovery|official_site","0.92","PR","2026-05-01T21:05:00.822Z","https://mw.adv.br/","","","(41) 3798-2011"
"CURITIBA","https://www.instagram.com/farrachadecastroadvogados/","needs_manual_review","Seguir","org_web_5fc9b929c9121fbf","FARRACHA DE CASTRO ADVOGADOS: HOME (@farrachadecastroadvogados)","google_web_discovery|official_site","0.92","PR","2026-05-01T20:39:29.160Z","https://farrachadecastro.com.br/","curitiba@farrachadecastro.com.br","(41) 3075-6100","(41) 99514-0048"
"UBERLANDIA","https://www.instagram.com/advocacialucasaraujo/","needs_manual_review","Seguir","org_web_9751a6c01bc928c6","ADVOCACIA TRABALHISTA (@advocacialucasaraujo)","google_web_discovery|official_site","0.92","MG","2026-05-01T20:37:38.876Z","https://lucasaraujo.adv.br/","","(34) 99635-2121",""
"BELO HORIZONTE","https://www.instagram.com/ssantos.advogados/","needs_manual_review","Seguir","org_web_42cb69609ca5ccf5","SSANTOS ADVOGADOS: HOME (@ssantos.advogados)","google_web_discovery|official_site","0.92","MG","2026-05-01T20:15:40.501Z","https://ssantos.adv.br/","advocacia@ssantos.adv.br","(41) 99114-1498","(41) 99114-1498"
"BELO HORIZONTE","https://www.instagram.com/leandrofialhoadvogados/","needs_manual_review","Seguir","org_web_4d8d67f6cab3486f","LEANDRO FIALHO ADVOGADOS: ADVOCACIA ESPECIALIZADA EM BH (@leandrofialhoadvogados)","google_web_discovery|official_site","0.92","MG","2026-05-01T20:14:20.894Z","https://consultoriojuridico.com.br/","","(31) 99702-2211","(31) 99702-2211"
"BELO HORIZONTE","https://www.instagram.com/silvafreireadv/","needs_manual_review","Seguir","org_web_8d06ce303cb42678","SILVA FREIRE ADVOGADOS BH – HÁ 30 ANOS,UMA TRADICIONAL ... (@silvafreireadv)","google_web_discovery|official_site","0.92","MG","2026-05-01T20:14:15.525Z","https://silvafreire.adv.br/","","(31) 99237-2543","(31) 99237-2543"
"RIO DE JANEIRO","https://www.instagram.com/plg.advogados/","needs_manual_review","Seguir","org_web_d8f67da09d4107d4","PLG ADVOGADOS TRABALHISTAS NO RJ – ZONA OESTE (@plg.advogados)","google_web_discovery|official_site","0.92","RJ","2026-05-01T19:46:25.406Z","https://plg.adv.br/","","(02) 13986-4177","(21) 2051-7913"
"SANTOS","https://www.instagram.com/santosadvemanuelle/","needs_manual_review","Seguir","org_web_e3c34c73e88ba7fc","EMANUELLE SANTOS ADVOCACIA: EMANUELLEHOME (@santosadvemanuelle)","google_web_discovery|official_site","0.92","SP","2026-05-01T19:44:29.545Z","https://emanuellesantos.adv.br/","atendimento@emanuellesantos.adv.br","(41) 3528-3275",""
"SANTOS","https://www.instagram.com/advogadofabiosantos/","needs_manual_review","Seguir","org_web_165542b6e57090c8","DIREITO PREVIDENCIÁRIO – F.SANTOS SOCIEDADE DE ADVOCACIA (@advogadofabiosantos)","google_web_discovery|official_site","0.92","SP","2026-05-01T19:44:29.400Z","http://www.fabiosantos.adv.br/","fabio@fabiosantos.adv.br","(11) 5676-3650","(11) 94732-9169"
"SANTOS","https://www.instagram.com/santosadvocaciapf/","needs_manual_review","Seguir","org_web_2587b62dfcb0249f","SANTOS SOCIEDADE INDIVIDUAL DE ADVOCACIA: INÍCIO (@santosadvocaciapf)","google_web_discovery|google_web_search|official_site","0.92","SP","2026-05-01T19:43:09.331Z","https://santossiadv.com.br/","","","(11) 98934-4189"
"SANTOS","https://www.instagram.com/santos.sadvocacia/","needs_manual_review","Seguir","org_web_27517779cc5f13c8","SANTOS ADVOCACIA: HOME (@santos.sadvocacia)","google_web_discovery|google_web_search|official_site","0.92","SP","2026-05-01T19:43:09.331Z","https://asantosadvocacia.com.br/","","",""
"SANTOS","https://www.instagram.com/santosb.adv/","needs_manual_review","Seguir","org_web_fc2a7e6d0bdf0b9d","SANTOS ADVOCACIA ESPECIALIZADA: ADVOGADO EM SÃO JOSÉ SC (@santosb.adv)","google_web_discovery|official_site","0.92","SP","2026-05-01T19:43:09.330Z","https://santosadvo.com.br/","","(48) 99219-2503","(48) 99219-2503"
"SAO PAULO","https://www.instagram.com/infobelpro/","needs_manual_review","Seguir","org_09b188033539d43e","PASCHOAL & PASCHOAL SOCIEDADE DE ADVOGADOS (@infobelpro)","google_web_search|google_web_search_miss|oab_registry|official_site","0.92","SP","2026-05-01T19:13:23.122Z","https://paschoal.adv.br/","contato@paschoal.adv.br","(11) 99998-8046","(11) 99998-8046"
"SAO PAULO","https://www.instagram.com/gaiga_advocacia/","needs_manual_review","Seguir","org_99a02a97e73d14a6","JUNIA MARTINS - SOCIEDADE INDIVIDUAL DE ADVOCACIA (@gaiga_advocacia)","codex_fallback|google_web_search|google_web_search_miss|oab_registry|official_site","0.92","SP","2026-05-01T19:13:22.231Z","https://www.azevedosette.com.br/","faleconosco@azevedosette.com.br","(51) 2200-1000",""
"SAO PAULO","https://www.instagram.com/portalmigalhas/","needs_manual_review","Seguir","org_0a37e9162208d994","DUARTE GARCIA, SERRA NETTO E TERRA SOCIEDADE DE ADVOGADOS (@portalmigalhas)","google_web_search|google_web_search_miss|oab_registry|official_site","0.92","SP","2026-05-01T19:13:22.230Z","https://www.migalhas.com.br/","migalhas@migalhas.com.br","(16) 3917-1008",""
"SAO PAULO","https://www.instagram.com/flh.advogados/","needs_manual_review","Seguir","org_94aaaa9e972e3898","FRANCO, LEUTEWILER, HENRIQUES SOCIEDADE DE ADVOGADOS (@flh.advogados)","google_web_search|oab_registry|official_site","0.92","SP","2026-05-01T19:13:22.230Z","https://www.flha.com.br/","contato@flha.com.br","(11) 3016-1888",""
"SAO PAULO","https://www.instagram.com/aga.oficial/","needs_manual_review","Seguir","org_026bb0e2643e673c","BOAVENTURA RIBEIRO SOCIEDADE DE ADVOGADOS (@aga.oficial)","google_web_search|oab_registry|official_site","0.92","SP","2026-05-01T19:13:22.228Z","https://grupoalliance.com.br/","comercial2@grupoalliance.com.br","(11) 5078-3019","(11) 5078-3019"
"SOROCABA","https://www.instagram.com/tatiane.adv/","needs_manual_review","Seguir","org_web_7d85a306111bf36c","RODRIGUES E FELIX ADVOGADOS: ADVOGADO EM PIRITUBA (@tatiane.adv)","google_web_discovery|official_site","0.92","SP","2026-05-01T19:13:18.308Z","https://www.rodriguesefelix.adv.br/","tato@rodriguesefelix.adv.br","(11) 3456-7890","(11) 94523-5361"
"SOROCABA","https://www.instagram.com/tangiadvocacia/","needs_manual_review","Seguir","org_web_a20f583c53a158da","TANGI ADVOCACIA: ADVOCACIA CIVIL, TRABALHISTA, PREVIDENCIÁRIO ... (@tangiadvocacia)","google_web_discovery|official_site","0.92","SP","2026-05-01T19:13:10.310Z","https://tangiadvocacia.com.br/","","(15) 3232-7679","(15) 3232-7679"
"RIBEIRAO PRETO","https://www.instagram.com/advocaciagoncalvesemanella/","needs_manual_review","Seguir","org_web_069ca126e961f5a9","GONÇALVES & MANELLA SOCIEDADE DE ADVOGADOS: GM (@advocaciagoncalvesemanella)","google_web_discovery|official_site","0.92","SP","2026-05-01T19:11:23.769Z","https://goncalvesemanella.adv.br/","","(16) 3635-1864","(16) 98876-0800"
"SAO PAULO","https://www.instagram.com/magalhaesadvocacia.oficial/","needs_manual_review","Seguir","org_38124b8286325d9e","MAGALHAES BUCKUP - SOCIEDADE INDIVIDUAL DE ADVOCACIA (@magalhaesadvocacia.oficial)","google_web_search|oab_registry|official_site","0.92","SP","2026-05-01T18:18:19.950Z","","","(14) 3815-2222","(14) 3815-2222"
"SAO PAULO","https://www.instagram.com/martinelliadvogados/","needs_manual_review","Seguir","org_763025c773915fe5","BARBARA ALBUQUERQUE SOCIEDADE INDIVIDUAL DE ADVOCACIA (@martinelliadvogados)","google_web_search|oab_registry|official_site","0.92","SP","2026-05-01T18:13:58.584Z","","","",""
"SAO PAULO","https://www.instagram.com/plbradvogados/","needs_manual_review","Seguir","org_01f3bf25177c186a","RIBEIRO PINTO ADVOGADOS ASSOCIADOS (@plbradvogados)","google_web_search|oab_registry|official_site","0.92","SP","2026-05-01T18:12:01.252Z","https://ribeiropintoadvogados.com.br/","","",""
"SAO PAULO","https://www.instagram.com/rbragaadvocacia/","needs_manual_review","Seguir","org_622ff54f8a33f0ee","R. BRAGA SOCIEDADE INDIVIDUAL DE ADVOCACIA (@rbragaadvocacia)","google_web_search|oab_registry|official_site","0.92","SP","2026-05-01T18:09:37.061Z","https://rbragaadvocacia.com.br/","advogados@rbragaadvocacia.com.br","",""
"SAO PAULO","https://www.instagram.com/fz_fundacao/","needs_manual_review","Seguir","org_37ddc5d4692c6140","AZULAY SOCIEDADE DE ADVOGADOS (@fz_fundacao)","codex_fallback|google_web_search|google_web_search_miss|oab_registry|official_site","0.92","SP","2026-04-29T20:38:57.843Z","https://www.dsmaazulay.com.br/","contato@dsmaazulay.com.br","+55 (11) 3280-0250",""
"SAO PAULO","https://www.instagram.com/viseu_advogados/","needs_manual_review","Seguir","org_5f89beebc3597162","VISEU SOCIEDADE DE ADVOGADOS (@viseu_advogados)","google_web_search|google_web_search_miss|oab_registry|official_site","0.92","SP","2026-04-29T18:33:26.293Z","https://viseu.com.br/","recrutamento@viseu.com.br","(11) 3185-0185","(11) 99521-5422"
"PORTO ALEGRE","https://www.instagram.com/meisteremarder/","needs_manual_review","Seguir","org_web_e59f17adf80fd14e","MEISTER & MARDER ADVOCACIA (@meisteremarder)","google_web_discovery|google_web_search","0.7","RS","2026-05-01T21:45:35.596Z","https://meistermarder.com.br/","","",""
"MARINGA","https://www.instagram.com/sheylaborgesdeliz/","needs_manual_review","Seguir","org_web_12310de2ca464e4d","SOUSA BORGES DE LIZ ADVOGADOS (@sheylaborgesdeliz)","google_web_discovery|google_web_search","0.7","PR","2026-05-01T21:07:57.246Z","https://www.sbdl.com.br/","","",""
"SANTOS","https://www.instagram.com/santosadvogadosbr/","needs_manual_review","Seguir","org_web_123957b6c7cc6db5","A SANTOS ADVOGADOS ASSOCIADOS (@santosadvogadosbr)","google_web_discovery|google_web_search","0.7","SP","2026-05-01T19:43:09.332Z","https://s.migalhas.com.br/","","",""
